<?xml version="1.0" encoding="UTF-8"?>
<root>
  <item name="com.riclage.boardview.BoardPoint int getDirectionFrom(com.riclage.boardview.BoardPoint)">
    <annotation name="android.support.annotation.IntDef">
      <val name="value" val="{com.riclage.boardview.WordSearchBoardView.DIRECTION_UNKNOWN, com.riclage.boardview.WordSearchBoardView.DIRECTION_LEFT_TO_RIGHT, com.riclage.boardview.WordSearchBoardView.DIRECTION_TOP_TO_BOTTOM, com.riclage.boardview.WordSearchBoardView.DIRECTION_TOP_BOTTOM_LEFT_RIGHT}" />
    </annotation>
  </item>
  <item name="com.riclage.boardview.BoardWord BoardWord(java.lang.String, int, com.riclage.boardview.BoardPoint) 1">
    <annotation name="android.support.annotation.IntDef">
      <val name="value" val="{com.riclage.boardview.WordSearchBoardView.DIRECTION_UNKNOWN, com.riclage.boardview.WordSearchBoardView.DIRECTION_LEFT_TO_RIGHT, com.riclage.boardview.WordSearchBoardView.DIRECTION_TOP_TO_BOTTOM, com.riclage.boardview.WordSearchBoardView.DIRECTION_TOP_BOTTOM_LEFT_RIGHT}" />
    </annotation>
  </item>
  <item name="com.riclage.boardview.BoardWord direction">
    <annotation name="android.support.annotation.IntDef">
      <val name="value" val="{com.riclage.boardview.WordSearchBoardView.DIRECTION_UNKNOWN, com.riclage.boardview.WordSearchBoardView.DIRECTION_LEFT_TO_RIGHT, com.riclage.boardview.WordSearchBoardView.DIRECTION_TOP_TO_BOTTOM, com.riclage.boardview.WordSearchBoardView.DIRECTION_TOP_BOTTOM_LEFT_RIGHT}" />
    </annotation>
  </item>
  <item name="com.riclage.boardview.BoardWord int getDirection()">
    <annotation name="android.support.annotation.IntDef">
      <val name="value" val="{com.riclage.boardview.WordSearchBoardView.DIRECTION_UNKNOWN, com.riclage.boardview.WordSearchBoardView.DIRECTION_LEFT_TO_RIGHT, com.riclage.boardview.WordSearchBoardView.DIRECTION_TOP_TO_BOTTOM, com.riclage.boardview.WordSearchBoardView.DIRECTION_TOP_BOTTOM_LEFT_RIGHT}" />
    </annotation>
  </item>
  <item name="com.riclage.boardview.WordSearchBoardView boolean canInsertWordOnBoard(java.lang.String, com.riclage.boardview.BoardPoint, int, java.lang.String[][]) 2">
    <annotation name="android.support.annotation.IntDef">
      <val name="value" val="{com.riclage.boardview.WordSearchBoardView.DIRECTION_UNKNOWN, com.riclage.boardview.WordSearchBoardView.DIRECTION_LEFT_TO_RIGHT, com.riclage.boardview.WordSearchBoardView.DIRECTION_TOP_TO_BOTTOM, com.riclage.boardview.WordSearchBoardView.DIRECTION_TOP_BOTTOM_LEFT_RIGHT}" />
    </annotation>
  </item>
  <item name="com.riclage.boardview.WordSearchBoardView boolean isTileSelected(com.riclage.boardview.TiledBoardView.Tile, int) 1">
    <annotation name="android.support.annotation.IntDef">
      <val name="value" val="{com.riclage.boardview.WordSearchBoardView.DIRECTION_UNKNOWN, com.riclage.boardview.WordSearchBoardView.DIRECTION_LEFT_TO_RIGHT, com.riclage.boardview.WordSearchBoardView.DIRECTION_TOP_TO_BOTTOM, com.riclage.boardview.WordSearchBoardView.DIRECTION_TOP_BOTTOM_LEFT_RIGHT}" />
    </annotation>
  </item>
  <item name="com.riclage.boardview.WordSearchBoardView com.riclage.boardview.BoardPoint shift(com.riclage.boardview.BoardPoint, int, int) 1">
    <annotation name="android.support.annotation.IntDef">
      <val name="value" val="{com.riclage.boardview.WordSearchBoardView.DIRECTION_UNKNOWN, com.riclage.boardview.WordSearchBoardView.DIRECTION_LEFT_TO_RIGHT, com.riclage.boardview.WordSearchBoardView.DIRECTION_TOP_TO_BOTTOM, com.riclage.boardview.WordSearchBoardView.DIRECTION_TOP_BOTTOM_LEFT_RIGHT}" />
    </annotation>
  </item>
  <item name="com.riclage.boardview.WordSearchBoardView.Direction">
    <annotation name="android.support.annotation.IntDef">
      <val name="value" val="{com.riclage.boardview.WordSearchBoardView.DIRECTION_UNKNOWN, com.riclage.boardview.WordSearchBoardView.DIRECTION_LEFT_TO_RIGHT, com.riclage.boardview.WordSearchBoardView.DIRECTION_TOP_TO_BOTTOM, com.riclage.boardview.WordSearchBoardView.DIRECTION_TOP_BOTTOM_LEFT_RIGHT}" />
    </annotation>
  </item>
  <item name="com.riclage.boardview.WordSearchBoardView.SelectedWord direction">
    <annotation name="android.support.annotation.IntDef">
      <val name="value" val="{com.riclage.boardview.WordSearchBoardView.DIRECTION_UNKNOWN, com.riclage.boardview.WordSearchBoardView.DIRECTION_LEFT_TO_RIGHT, com.riclage.boardview.WordSearchBoardView.DIRECTION_TOP_TO_BOTTOM, com.riclage.boardview.WordSearchBoardView.DIRECTION_TOP_BOTTOM_LEFT_RIGHT}" />
    </annotation>
  </item>
</root>

